<annotation>
	<folder>hershey</folder>
	<filename>401.jpeg</filename>
	<path>/Users/thewitking/Documents/dataset/hershey/401.jpeg</path>
	<source>
		<database>Unknown</database>
	</source>
	<size>
		<width>488</width>
		<height>488</height>
		<depth>3</depth>
	</size>
	<segmented>4</segmented>
	<object>
		<name>hershey</name>
		<pose>Unspecified</pose>
		<truncated>0</truncated>
		<difficult>0</difficult>
		<bndbox>
			<xmin>1</xmin>
			<ymin>147</ymin>
			<xmax>486</xmax>
			<ymax>342</ymax>
		</bndbox>
	</object>
</annotation>