<annotation>
	<folder>hershey</folder>
	<filename>402.jpg</filename>
	<path>/Users/thewitking/Documents/dataset/hershey/402.jpg</path>
	<source>
		<database>Unknown</database>
	</source>
	<size>
		<width>580</width>
		<height>580</height>
		<depth>3</depth>
	</size>
	<segmented>4</segmented>
	<object>
		<name>hershey</name>
		<pose>Unspecified</pose>
		<truncated>0</truncated>
		<difficult>0</difficult>
		<bndbox>
			<xmin>65</xmin>
			<ymin>90</ymin>
			<xmax>561</xmax>
			<ymax>311</ymax>
		</bndbox>
	</object>
</annotation>