<annotation>
	<folder>hershey</folder>
	<filename>405.jpg</filename>
	<path>/Users/thewitking/Documents/dataset/hershey/405.jpg</path>
	<source>
		<database>Unknown</database>
	</source>
	<size>
		<width>1600</width>
		<height>1200</height>
		<depth>3</depth>
	</size>
	<segmented>4</segmented>
	<object>
		<name>hershey</name>
		<pose>Unspecified</pose>
		<truncated>0</truncated>
		<difficult>0</difficult>
		<bndbox>
			<xmin>86</xmin>
			<ymin>268</ymin>
			<xmax>1566</xmax>
			<ymax>819</ymax>
		</bndbox>
	</object>
</annotation>