<annotation>
	<folder>hershey</folder>
	<filename>407.jpg</filename>
	<path>/Users/thewitking/Documents/dataset/hershey/407.jpg</path>
	<source>
		<database>Unknown</database>
	</source>
	<size>
		<width>1300</width>
		<height>956</height>
		<depth>3</depth>
	</size>
	<segmented>4</segmented>
	<object>
		<name>hershey</name>
		<pose>Unspecified</pose>
		<truncated>0</truncated>
		<difficult>0</difficult>
		<bndbox>
			<xmin>148</xmin>
			<ymin>130</ymin>
			<xmax>1155</xmax>
			<ymax>733</ymax>
		</bndbox>
	</object>
</annotation>