<annotation>
	<folder>hershey</folder>
	<filename>410.jpg</filename>
	<path>/Users/thewitking/Documents/dataset/hershey/410.jpg</path>
	<source>
		<database>Unknown</database>
	</source>
	<size>
		<width>600</width>
		<height>387</height>
		<depth>3</depth>
	</size>
	<segmented>4</segmented>
	<object>
		<name>hershey</name>
		<pose>Unspecified</pose>
		<truncated>0</truncated>
		<difficult>0</difficult>
		<bndbox>
			<xmin>194</xmin>
			<ymin>28</ymin>
			<xmax>584</xmax>
			<ymax>175</ymax>
		</bndbox>
	</object>
</annotation>