<annotation>
	<folder>hershey</folder>
	<filename>412.jpg</filename>
	<path>/Users/thewitking/Documents/dataset/hershey/412.jpg</path>
	<source>
		<database>Unknown</database>
	</source>
	<size>
		<width>580</width>
		<height>580</height>
		<depth>3</depth>
	</size>
	<segmented>4</segmented>
	<object>
		<name>hershey</name>
		<pose>Unspecified</pose>
		<truncated>0</truncated>
		<difficult>0</difficult>
		<bndbox>
			<xmin>32</xmin>
			<ymin>145</ymin>
			<xmax>576</xmax>
			<ymax>332</ymax>
		</bndbox>
	</object>
</annotation>