<annotation>
	<folder>hershey</folder>
	<filename>414.jpg</filename>
	<path>/Users/thewitking/Documents/dataset/hershey/414.jpg</path>
	<source>
		<database>Unknown</database>
	</source>
	<size>
		<width>500</width>
		<height>500</height>
		<depth>3</depth>
	</size>
	<segmented>4</segmented>
	<object>
		<name>hershey</name>
		<pose>Unspecified</pose>
		<truncated>0</truncated>
		<difficult>0</difficult>
		<bndbox>
			<xmin>10</xmin>
			<ymin>163</ymin>
			<xmax>490</xmax>
			<ymax>339</ymax>
		</bndbox>
	</object>
</annotation>