<annotation>
	<folder>hershey</folder>
	<filename>417.jpg</filename>
	<path>/Users/thewitking/Documents/dataset/hershey/417.jpg</path>
	<source>
		<database>Unknown</database>
	</source>
	<size>
		<width>1280</width>
		<height>720</height>
		<depth>3</depth>
	</size>
	<segmented>4</segmented>
	<object>
		<name>hershey</name>
		<pose>Unspecified</pose>
		<truncated>0</truncated>
		<difficult>0</difficult>
		<bndbox>
			<xmin>294</xmin>
			<ymin>46</ymin>
			<xmax>625</xmax>
			<ymax>718</ymax>
		</bndbox>
	</object>
</annotation>