<annotation>
	<folder>cheetos</folder>
	<filename>001.jpg</filename>
	<path>/Users/thewitking/Documents/dataset/cheetos/001.jpg</path>
	<source>
		<database>Unknown</database>
	</source>
	<size>
		<width>1500</width>
		<height>1500</height>
		<depth>3</depth>
	</size>
	<segmented>0</segmented>
	<object>
		<name>cheetos</name>
		<pose>Unspecified</pose>
		<truncated>0</truncated>
		<difficult>0</difficult>
		<bndbox>
			<xmin>29</xmin>
			<ymin>14</ymin>
			<xmax>1482</xmax>
			<ymax>1484</ymax>
		</bndbox>
	</object>
</annotation>
