<annotation>
	<folder>cheetos</folder>
	<filename>003.jpg</filename>
	<path>/Users/thewitking/Documents/dataset/cheetos/003.jpg</path>
	<source>
		<database>Unknown</database>
	</source>
	<size>
		<width>700</width>
		<height>700</height>
		<depth>3</depth>
	</size>
	<segmented>0</segmented>
	<object>
		<name>cheetos</name>
		<pose>Unspecified</pose>
		<truncated>0</truncated>
		<difficult>0</difficult>
		<bndbox>
			<xmin>82</xmin>
			<ymin>8</ymin>
			<xmax>614</xmax>
			<ymax>696</ymax>
		</bndbox>
	</object>
</annotation>
