<annotation>
	<folder>cheetos</folder>
	<filename>004.jpg</filename>
	<path>/Users/thewitking/Documents/dataset/cheetos/004.jpg</path>
	<source>
		<database>Unknown</database>
	</source>
	<size>
		<width>500</width>
		<height>500</height>
		<depth>3</depth>
	</size>
	<segmented>0</segmented>
	<object>
		<name>cheetos</name>
		<pose>Unspecified</pose>
		<truncated>0</truncated>
		<difficult>0</difficult>
		<bndbox>
			<xmin>55</xmin>
			<ymin>4</ymin>
			<xmax>437</xmax>
			<ymax>482</ymax>
		</bndbox>
	</object>
</annotation>
