<annotation>
	<folder>cheetos</folder>
	<filename>005.jpg</filename>
	<path>/Users/thewitking/Documents/dataset/cheetos/005.jpg</path>
	<source>
		<database>Unknown</database>
	</source>
	<size>
		<width>873</width>
		<height>500</height>
		<depth>3</depth>
	</size>
	<segmented>0</segmented>
	<object>
		<name>cheetos</name>
		<pose>Unspecified</pose>
		<truncated>0</truncated>
		<difficult>0</difficult>
		<bndbox>
			<xmin>577</xmin>
			<ymin>6</ymin>
			<xmax>869</xmax>
			<ymax>497</ymax>
		</bndbox>
	</object>
</annotation>
