<annotation>
	<folder>cheetos</folder>
	<filename>006.jpeg</filename>
	<path>/Users/thewitking/Documents/dataset/cheetos/006.jpeg</path>
	<source>
		<database>Unknown</database>
	</source>
	<size>
		<width>512</width>
		<height>512</height>
		<depth>3</depth>
	</size>
	<segmented>0</segmented>
	<object>
		<name>cheetos</name>
		<pose>Unspecified</pose>
		<truncated>0</truncated>
		<difficult>0</difficult>
		<bndbox>
			<xmin>123</xmin>
			<ymin>65</ymin>
			<xmax>387</xmax>
			<ymax>446</ymax>
		</bndbox>
	</object>
</annotation>
