<annotation>
	<folder>cheetos</folder>
	<filename>008.jpg</filename>
	<path>/Users/thewitking/Documents/dataset/cheetos/008.jpg</path>
	<source>
		<database>Unknown</database>
	</source>
	<size>
		<width>1024</width>
		<height>768</height>
		<depth>3</depth>
	</size>
	<segmented>0</segmented>
	<object>
		<name>cheetos</name>
		<pose>Unspecified</pose>
		<truncated>0</truncated>
		<difficult>0</difficult>
		<bndbox>
			<xmin>320</xmin>
			<ymin>84</ymin>
			<xmax>743</xmax>
			<ymax>689</ymax>
		</bndbox>
	</object>
</annotation>
