<annotation>
	<folder>cheetos</folder>
	<filename>010.jpg</filename>
	<path>/Users/thewitking/Documents/dataset/cheetos/010.jpg</path>
	<source>
		<database>Unknown</database>
	</source>
	<size>
		<width>1200</width>
		<height>630</height>
		<depth>3</depth>
	</size>
	<segmented>0</segmented>
	<object>
		<name>cheetos</name>
		<pose>Unspecified</pose>
		<truncated>0</truncated>
		<difficult>0</difficult>
		<bndbox>
			<xmin>333</xmin>
			<ymin>6</ymin>
			<xmax>902</xmax>
			<ymax>621</ymax>
		</bndbox>
	</object>
</annotation>
