<annotation>
	<folder>cheetos</folder>
	<filename>011.jpg</filename>
	<path>/Users/thewitking/Documents/dataset/cheetos/011.jpg</path>
	<source>
		<database>Unknown</database>
	</source>
	<size>
		<width>640</width>
		<height>640</height>
		<depth>3</depth>
	</size>
	<segmented>0</segmented>
	<object>
		<name>cheetos</name>
		<pose>Unspecified</pose>
		<truncated>0</truncated>
		<difficult>0</difficult>
		<bndbox>
			<xmin>353</xmin>
			<ymin>148</ymin>
			<xmax>632</xmax>
			<ymax>429</ymax>
		</bndbox>
	</object>
</annotation>
