<annotation>
	<folder>maggie</folder>
	<filename>502.jpg</filename>
	<path>/Users/thewitking/Documents/dataset/maggie/502.jpg</path>
	<source>
		<database>Unknown</database>
	</source>
	<size>
		<width>1500</width>
		<height>1500</height>
		<depth>3</depth>
	</size>
	<segmented>5</segmented>
	<object>
		<name>maggie</name>
		<pose>Unspecified</pose>
		<truncated>0</truncated>
		<difficult>0</difficult>
		<bndbox>
			<xmin>127</xmin>
			<ymin>41</ymin>
			<xmax>1117</xmax>
			<ymax>1437</ymax>
		</bndbox>
	</object>
</annotation>