<annotation>
	<folder>maggie</folder>
	<filename>505.jpeg</filename>
	<path>/Users/thewitking/Documents/dataset/maggie/505.jpeg</path>
	<source>
		<database>Unknown</database>
	</source>
	<size>
		<width>660</width>
		<height>495</height>
		<depth>3</depth>
	</size>
	<segmented>5</segmented>
	<object>
		<name>maggie</name>
		<pose>Unspecified</pose>
		<truncated>0</truncated>
		<difficult>0</difficult>
		<bndbox>
			<xmin>92</xmin>
			<ymin>146</ymin>
			<xmax>284</xmax>
			<ymax>438</ymax>
		</bndbox>
	</object>
<object><name>maggie</name><pose>Unspecified</pose><truncated>0</truncated><difficult>0</difficult><bndbox>
			<xmin>291</xmin><ymin>153</ymin><xmax>489</xmax><ymax>440</ymax></bndbox></object></annotation>