<annotation>
	<folder>maggie</folder>
	<filename>507.jpg</filename>
	<path>/Users/thewitking/Documents/dataset/maggie/507.jpg</path>
	<source>
		<database>Unknown</database>
	</source>
	<size>
		<width>1200</width>
		<height>900</height>
		<depth>3</depth>
	</size>
	<segmented>5</segmented>
	<object>
		<name>maggie</name>
		<pose>Unspecified</pose>
		<truncated>0</truncated>
		<difficult>0</difficult>
		<bndbox>
			<xmin>6</xmin>
			<ymin>240</ymin>
			<xmax>799</xmax>
			<ymax>889</ymax>
		</bndbox>
	</object>
</annotation>