<annotation>
	<folder>maggie</folder>
	<filename>509.jpeg</filename>
	<path>/Users/thewitking/Documents/dataset/maggie/509.jpeg</path>
	<source>
		<database>Unknown</database>
	</source>
	<size>
		<width>296</width>
		<height>170</height>
		<depth>3</depth>
	</size>
	<segmented>5</segmented>
	<object>
		<name>maggie</name>
		<pose>Unspecified</pose>
		<truncated>0</truncated>
		<difficult>0</difficult>
		<bndbox>
			<xmin>52</xmin>
			<ymin>4</ymin>
			<xmax>217</xmax>
			<ymax>170</ymax>
		</bndbox>
	</object>
</annotation>