<annotation>
	<folder>maggie</folder>
	<filename>510.jpeg</filename>
	<path>/Users/thewitking/Documents/dataset/maggie/510.jpeg</path>
	<source>
		<database>Unknown</database>
	</source>
	<size>
		<width>639</width>
		<height>440</height>
		<depth>3</depth>
	</size>
	<segmented>5</segmented>
	<object>
		<name>maggie</name>
		<pose>Unspecified</pose>
		<truncated>0</truncated>
		<difficult>0</difficult>
		<bndbox>
			<xmin>49</xmin>
			<ymin>8</ymin>
			<xmax>520</xmax>
			<ymax>436</ymax>
		</bndbox>
	</object>
</annotation>