<annotation>
	<folder>hershey</folder>
	<filename>406.jpg</filename>
	<path>/Users/thewitking/Documents/dataset/hershey/406.jpg</path>
	<source>
		<database>Unknown</database>
	</source>
	<size>
		<width>846</width>
		<height>635</height>
		<depth>3</depth>
	</size>
	<segmented>4</segmented>
	<object>
		<name>hershey</name>
		<pose>Unspecified</pose>
		<truncated>0</truncated>
		<difficult>0</difficult>
		<bndbox>
			<xmin>148</xmin>
			<ymin>66</ymin>
			<xmax>743</xmax>
			<ymax>571</ymax>
		</bndbox>
	</object>
</annotation>