<annotation>
	<folder>hershey</folder>
	<filename>408.jpg</filename>
	<path>/Users/thewitking/Documents/dataset/hershey/408.jpg</path>
	<source>
		<database>Unknown</database>
	</source>
	<size>
		<width>250</width>
		<height>250</height>
		<depth>3</depth>
	</size>
	<segmented>4</segmented>
	<object>
		<name>hershey</name>
		<pose>Unspecified</pose>
		<truncated>0</truncated>
		<difficult>0</difficult>
		<bndbox>
			<xmin>6</xmin>
			<ymin>82</ymin>
			<xmax>243</xmax>
			<ymax>166</ymax>
		</bndbox>
	</object>
</annotation>