<annotation>
	<folder>hershey</folder>
	<filename>409.jpeg</filename>
	<path>/Users/thewitking/Documents/dataset/hershey/409.jpeg</path>
	<source>
		<database>Unknown</database>
	</source>
	<size>
		<width>600</width>
		<height>323</height>
		<depth>3</depth>
	</size>
	<segmented>4</segmented>
	<object>
		<name>hershey</name>
		<pose>Unspecified</pose>
		<truncated>0</truncated>
		<difficult>0</difficult>
		<bndbox>
			<xmin>17</xmin>
			<ymin>41</ymin>
			<xmax>572</xmax>
			<ymax>275</ymax>
		</bndbox>
	</object>
</annotation>