<annotation>
	<folder>hershey</folder>
	<filename>411.jpg</filename>
	<path>/Users/thewitking/Documents/dataset/hershey/411.jpg</path>
	<source>
		<database>Unknown</database>
	</source>
	<size>
		<width>1300</width>
		<height>956</height>
		<depth>3</depth>
	</size>
	<segmented>4</segmented>
	<object>
		<name>hershey</name>
		<pose>Unspecified</pose>
		<truncated>0</truncated>
		<difficult>0</difficult>
		<bndbox>
			<xmin>11</xmin>
			<ymin>3</ymin>
			<xmax>1230</xmax>
			<ymax>751</ymax>
		</bndbox>
	</object>
</annotation>