<annotation>
	<folder>hershey</folder>
	<filename>413.jpg</filename>
	<path>/Users/thewitking/Documents/dataset/hershey/413.jpg</path>
	<source>
		<database>Unknown</database>
	</source>
	<size>
		<width>355</width>
		<height>266</height>
		<depth>3</depth>
	</size>
	<segmented>4</segmented>
	<object>
		<name>hershey</name>
		<pose>Unspecified</pose>
		<truncated>0</truncated>
		<difficult>0</difficult>
		<bndbox>
			<xmin>63</xmin>
			<ymin>3</ymin>
			<xmax>294</xmax>
			<ymax>90</ymax>
		</bndbox>
	</object>
</annotation>