<annotation>
	<folder>kitkat</folder>
	<filename>305.jpg</filename>
	<path>/Users/thewitking/Documents/dataset/kitkat/305.jpg</path>
	<source>
		<database>Unknown</database>
	</source>
	<size>
		<width>640</width>
		<height>480</height>
		<depth>3</depth>
	</size>
	<segmented>3</segmented>
	<object>
		<name>kitkat</name>
		<pose>Unspecified</pose>
		<truncated>0</truncated>
		<difficult>0</difficult>
		<bndbox>
			<xmin>48</xmin>
			<ymin>22</ymin>
			<xmax>589</xmax>
			<ymax>452</ymax>
		</bndbox>
	</object>
</annotation>