<annotation>
	<folder>kitkat</folder>
	<filename>307.jpg</filename>
	<path>/Users/thewitking/Documents/dataset/kitkat/307.jpg</path>
	<source>
		<database>Unknown</database>
	</source>
	<size>
		<width>377</width>
		<height>500</height>
		<depth>3</depth>
	</size>
	<segmented>3</segmented>
	<object>
		<name>kitkat</name>
		<pose>Unspecified</pose>
		<truncated>0</truncated>
		<difficult>0</difficult>
		<bndbox>
			<xmin>124</xmin>
			<ymin>308</ymin>
			<xmax>367</xmax>
			<ymax>477</ymax>
		</bndbox>
	</object>
</annotation>