<annotation>
	<folder>kitkat</folder>
	<filename>308.jpg</filename>
	<path>/Users/thewitking/Documents/dataset/kitkat/308.jpg</path>
	<source>
		<database>Unknown</database>
	</source>
	<size>
		<width>600</width>
		<height>600</height>
		<depth>3</depth>
	</size>
	<segmented>3</segmented>
	<object>
		<name>kitkat</name>
		<pose>Unspecified</pose>
		<truncated>0</truncated>
		<difficult>0</difficult>
		<bndbox>
			<xmin>11</xmin>
			<ymin>68</ymin>
			<xmax>560</xmax>
			<ymax>388</ymax>
		</bndbox>
	</object>
</annotation>