<annotation>
	<folder>kitkat</folder>
	<filename>309.jpg</filename>
	<path>/Users/thewitking/Documents/dataset/kitkat/309.jpg</path>
	<source>
		<database>Unknown</database>
	</source>
	<size>
		<width>1280</width>
		<height>720</height>
		<depth>3</depth>
	</size>
	<segmented>3</segmented>
	<object>
		<name>kitkat</name>
		<pose>Unspecified</pose>
		<truncated>0</truncated>
		<difficult>0</difficult>
		<bndbox>
			<xmin>82</xmin>
			<ymin>16</ymin>
			<xmax>1088</xmax>
			<ymax>698</ymax>
		</bndbox>
	</object>
</annotation>