<annotation>
	<folder>kitkat</folder>
	<filename>311.jpeg</filename>
	<path>/Users/thewitking/Documents/dataset/kitkat/311.jpeg</path>
	<source>
		<database>Unknown</database>
	</source>
	<size>
		<width>297</width>
		<height>170</height>
		<depth>3</depth>
	</size>
	<segmented>3</segmented>
	<object>
		<name>kitkat</name>
		<pose>Unspecified</pose>
		<truncated>0</truncated>
		<difficult>0</difficult>
		<bndbox>
			<xmin>4</xmin>
			<ymin>3</ymin>
			<xmax>296</xmax>
			<ymax>158</ymax>
		</bndbox>
	</object>
</annotation>