<annotation>
	<folder>pringle</folder>
	<filename>203.jpg</filename>
	<path>/Users/thewitking/Documents/dataset/pringle/203.jpg</path>
	<source>
		<database>Unknown</database>
	</source>
	<size>
		<width>600</width>
		<height>600</height>
		<depth>3</depth>
	</size>
	<segmented>2</segmented>
	<object>
		<name>pringle</name>
		<pose>Unspecified</pose>
		<truncated>0</truncated>
		<difficult>0</difficult>
		<bndbox>
			<xmin>94</xmin>
			<ymin>14</ymin>
			<xmax>288</xmax>
			<ymax>585</ymax>
		</bndbox>
	</object>
<object><name>pringle</name><pose>Unspecified</pose><truncated>0</truncated><difficult>0</difficult><bndbox>
			<xmin>309</xmin><ymin>15</ymin><xmax>501</xmax><ymax>584</ymax></bndbox></object></annotation>