<annotation>
	<folder>pringle</folder>
	<filename>204.jpeg</filename>
	<path>/Users/thewitking/Documents/dataset/pringle/204.jpeg</path>
	<source>
		<database>Unknown</database>
	</source>
	<size>
		<width>680</width>
		<height>680</height>
		<depth>3</depth>
	</size>
	<segmented>2</segmented>
	<object>
		<name>pringle</name>
		<pose>Unspecified</pose>
		<truncated>0</truncated>
		<difficult>0</difficult>
		<bndbox>
			<xmin>245</xmin>
			<ymin>31</ymin>
			<xmax>486</xmax>
			<ymax>668</ymax>
		</bndbox>
	</object>
</annotation>