<annotation>
	<folder>pringle</folder>
	<filename>207.jpg</filename>
	<path>/Users/thewitking/Documents/dataset/pringle/207.jpg</path>
	<source>
		<database>Unknown</database>
	</source>
	<size>
		<width>759</width>
		<height>1529</height>
		<depth>3</depth>
	</size>
	<segmented>2</segmented>
	<object>
		<name>pringle</name>
		<pose>Unspecified</pose>
		<truncated>0</truncated>
		<difficult>0</difficult>
		<bndbox>
			<xmin>108</xmin>
			<ymin>71</ymin>
			<xmax>650</xmax>
			<ymax>1494</ymax>
		</bndbox>
	</object>
</annotation>