<annotation>
	<folder>pringle</folder>
	<filename>209.jpg</filename>
	<path>/Users/thewitking/Documents/dataset/pringle/209.jpg</path>
	<source>
		<database>Unknown</database>
	</source>
	<size>
		<width>1023</width>
		<height>682</height>
		<depth>3</depth>
	</size>
	<segmented>2</segmented>
	<object>
		<name>pringle</name>
		<pose>Unspecified</pose>
		<truncated>0</truncated>
		<difficult>0</difficult>
		<bndbox>
			<xmin>60</xmin>
			<ymin>59</ymin>
			<xmax>743</xmax>
			<ymax>605</ymax>
		</bndbox>
	</object>
</annotation>