<annotation>
	<folder>pringle</folder>
	<filename>210.jpg</filename>
	<path>/Users/thewitking/Documents/dataset/pringle/210.jpg</path>
	<source>
		<database>Unknown</database>
	</source>
	<size>
		<width>800</width>
		<height>800</height>
		<depth>3</depth>
	</size>
	<segmented>2</segmented>
	<object>
		<name>pringle</name>
		<pose>Unspecified</pose>
		<truncated>0</truncated>
		<difficult>0</difficult>
		<bndbox>
			<xmin>209</xmin>
			<ymin>29</ymin>
			<xmax>594</xmax>
			<ymax>778</ymax>
		</bndbox>
	</object>
</annotation>