<annotation>
	<folder>pringle</folder>
	<filename>212.jpg</filename>
	<path>/Users/thewitking/Documents/dataset/pringle/212.jpg</path>
	<source>
		<database>Unknown</database>
	</source>
	<size>
		<width>1300</width>
		<height>866</height>
		<depth>3</depth>
	</size>
	<segmented>2</segmented>
	<object>
		<name>pringle</name>
		<pose>Unspecified</pose>
		<truncated>0</truncated>
		<difficult>0</difficult>
		<bndbox>
			<xmin>288</xmin>
			<ymin>149</ymin>
			<xmax>511</xmax>
			<ymax>827</ymax>
		</bndbox>
	</object>
</annotation>