<annotation>
	<folder>pringle</folder>
	<filename>215.jpg</filename>
	<path>/Users/thewitking/Documents/dataset/pringle/215.jpg</path>
	<source>
		<database>Unknown</database>
	</source>
	<size>
		<width>866</width>
		<height>1390</height>
		<depth>3</depth>
	</size>
	<segmented>2</segmented>
	<object>
		<name>pringle</name>
		<pose>Unspecified</pose>
		<truncated>0</truncated>
		<difficult>0</difficult>
		<bndbox>
			<xmin>70</xmin>
			<ymin>58</ymin>
			<xmax>737</xmax>
			<ymax>1220</ymax>
		</bndbox>
	</object>
</annotation>