<annotation>
	<folder>pringle</folder>
	<filename>216.jpg</filename>
	<path>/Users/thewitking/Documents/dataset/pringle/216.jpg</path>
	<source>
		<database>Unknown</database>
	</source>
	<size>
		<width>480</width>
		<height>480</height>
		<depth>3</depth>
	</size>
	<segmented>2</segmented>
	<object>
		<name>pringle</name>
		<pose>Unspecified</pose>
		<truncated>0</truncated>
		<difficult>0</difficult>
		<bndbox>
			<xmin>168</xmin>
			<ymin>9</ymin>
			<xmax>312</xmax>
			<ymax>474</ymax>
		</bndbox>
	</object>
</annotation>