<annotation>
	<folder>pringle</folder>
	<filename>219.jpg</filename>
	<path>/Users/thewitking/Documents/dataset/pringle/219.jpg</path>
	<source>
		<database>Unknown</database>
	</source>
	<size>
		<width>1140</width>
		<height>768</height>
		<depth>3</depth>
	</size>
	<segmented>2</segmented>
	<object>
		<name>pringle</name>
		<pose>Unspecified</pose>
		<truncated>0</truncated>
		<difficult>0</difficult>
		<bndbox>
			<xmin>12</xmin>
			<ymin>13</ymin>
			<xmax>254</xmax>
			<ymax>731</ymax>
		</bndbox>
	</object>
<object><name>pringle</name><pose>Unspecified</pose><truncated>0</truncated><difficult>0</difficult><bndbox>
			<xmin>261</xmin><ymin>21</ymin><xmax>457</xmax><ymax>688</ymax></bndbox></object><object><name>pringle</name><pose>Unspecified</pose><truncated>0</truncated><difficult>0</difficult><bndbox>
			<xmin>466</xmin><ymin>32</ymin><xmax>641</xmax><ymax>664</ymax></bndbox></object><object><name>pringle</name><pose>Unspecified</pose><truncated>0</truncated><difficult>0</difficult><bndbox>
			<xmin>648</xmin><ymin>64</ymin><xmax>809</xmax><ymax>651</ymax></bndbox></object><object><name>pringle</name><pose>Unspecified</pose><truncated>0</truncated><difficult>0</difficult><bndbox>
			<xmin>820</xmin><ymin>84</ymin><xmax>966</xmax><ymax>637</ymax></bndbox></object><object><name>pringle</name><pose>Unspecified</pose><truncated>0</truncated><difficult>0</difficult><bndbox>
			<xmin>973</xmin><ymin>96</ymin><xmax>1115</xmax><ymax>618</ymax></bndbox></object></annotation>