<annotation>
	<folder>pringle</folder>
	<filename>220.jpg</filename>
	<path>/Users/thewitking/Documents/dataset/pringle/220.jpg</path>
	<source>
		<database>Unknown</database>
	</source>
	<size>
		<width>400</width>
		<height>592</height>
		<depth>3</depth>
	</size>
	<segmented>2</segmented>
	<object>
		<name>pringle</name>
		<pose>Unspecified</pose>
		<truncated>0</truncated>
		<difficult>0</difficult>
		<bndbox>
			<xmin>0</xmin>
			<ymin>22</ymin>
			<xmax>186</xmax>
			<ymax>576</ymax>
		</bndbox>
	</object>
<object><name>pringle</name><pose>Unspecified</pose><truncated>0</truncated><difficult>0</difficult><bndbox>
			<xmin>216</xmin><ymin>27</ymin><xmax>400</xmax><ymax>576</ymax></bndbox></object></annotation>