<annotation>
	<folder>pringle</folder>
	<filename>222.jpg</filename>
	<path>/Users/thewitking/Documents/dataset/pringle/222.jpg</path>
	<source>
		<database>Unknown</database>
	</source>
	<size>
		<width>599</width>
		<height>749</height>
		<depth>3</depth>
	</size>
	<segmented>2</segmented>
	<object>
		<name>pringle</name>
		<pose>Unspecified</pose>
		<truncated>0</truncated>
		<difficult>0</difficult>
		<bndbox>
			<xmin>65</xmin>
			<ymin>31</ymin>
			<xmax>374</xmax>
			<ymax>729</ymax>
		</bndbox>
	</object>
</annotation>