<annotation>
	<folder>pringle</folder>
	<filename>223.jpg</filename>
	<path>/Users/thewitking/Documents/dataset/pringle/223.jpg</path>
	<source>
		<database>Unknown</database>
	</source>
	<size>
		<width>590</width>
		<height>600</height>
		<depth>3</depth>
	</size>
	<segmented>2</segmented>
	<object>
		<name>pringle</name>
		<pose>Unspecified</pose>
		<truncated>0</truncated>
		<difficult>0</difficult>
		<bndbox>
			<xmin>0</xmin>
			<ymin>1</ymin>
			<xmax>194</xmax>
			<ymax>600</ymax>
		</bndbox>
	</object>
</annotation>