<annotation>
	<folder>pringle</folder>
	<filename>225.jpg</filename>
	<path>/Users/thewitking/Documents/dataset/pringle/225.jpg</path>
	<source>
		<database>Unknown</database>
	</source>
	<size>
		<width>800</width>
		<height>450</height>
		<depth>3</depth>
	</size>
	<segmented>2</segmented>
	<object>
		<name>pringle</name>
		<pose>Unspecified</pose>
		<truncated>0</truncated>
		<difficult>0</difficult>
		<bndbox>
			<xmin>19</xmin>
			<ymin>11</ymin>
			<xmax>543</xmax>
			<ymax>442</ymax>
		</bndbox>
	</object>
</annotation>