<annotation>
	<folder>pringle</folder>
	<filename>227.jpg</filename>
	<path>/Users/thewitking/Documents/dataset/pringle/227.jpg</path>
	<source>
		<database>Unknown</database>
	</source>
	<size>
		<width>1440</width>
		<height>2560</height>
		<depth>3</depth>
	</size>
	<segmented>2</segmented>
	<object>
		<name>pringle</name>
		<pose>Unspecified</pose>
		<truncated>0</truncated>
		<difficult>0</difficult>
		<bndbox>
			<xmin>395</xmin>
			<ymin>139</ymin>
			<xmax>1108</xmax>
			<ymax>2254</ymax>
		</bndbox>
	</object>
</annotation>