<annotation>
	<folder>pringle</folder>
	<filename>228.jpg</filename>
	<path>/Users/thewitking/Documents/dataset/pringle/228.jpg</path>
	<source>
		<database>Unknown</database>
	</source>
	<size>
		<width>1200</width>
		<height>342</height>
		<depth>3</depth>
	</size>
	<segmented>2</segmented>
	<object>
		<name>pringle</name>
		<pose>Unspecified</pose>
		<truncated>0</truncated>
		<difficult>0</difficult>
		<bndbox>
			<xmin>44</xmin>
			<ymin>34</ymin>
			<xmax>138</xmax>
			<ymax>311</ymax>
		</bndbox>
	</object>
</annotation>