<annotation>
	<folder>pringle</folder>
	<filename>229.jpg</filename>
	<path>/Users/thewitking/Documents/dataset/pringle/229.jpg</path>
	<source>
		<database>Unknown</database>
	</source>
	<size>
		<width>350</width>
		<height>221</height>
		<depth>3</depth>
	</size>
	<segmented>2</segmented>
	<object>
		<name>pringle</name>
		<pose>Unspecified</pose>
		<truncated>0</truncated>
		<difficult>0</difficult>
		<bndbox>
			<xmin>174</xmin>
			<ymin>12</ymin>
			<xmax>228</xmax>
			<ymax>211</ymax>
		</bndbox>
	</object>
</annotation>