<annotation>
	<folder>pringle</folder>
	<filename>230.jpg</filename>
	<path>/Users/thewitking/Documents/dataset/pringle/230.jpg</path>
	<source>
		<database>Unknown</database>
	</source>
	<size>
		<width>360</width>
		<height>360</height>
		<depth>3</depth>
	</size>
	<segmented>2</segmented>
	<object>
		<name>pringle</name>
		<pose>Unspecified</pose>
		<truncated>0</truncated>
		<difficult>0</difficult>
		<bndbox>
			<xmin>108</xmin>
			<ymin>50</ymin>
			<xmax>177</xmax>
			<ymax>283</ymax>
		</bndbox>
	</object>
</annotation>