<annotation>
	<folder>pringle</folder>
	<filename>201.jpg</filename>
	<path>/Users/thewitking/Documents/dataset/pringle/201.jpg</path>
	<source>
		<database>Unknown</database>
	</source>
	<size>
		<width>939</width>
		<height>1252</height>
		<depth>3</depth>
	</size>
	<segmented>2</segmented>
	<object>
		<name>pringle</name>
		<pose>Unspecified</pose>
		<truncated>0</truncated>
		<difficult>0</difficult>
		<bndbox>
			<xmin>272</xmin>
			<ymin>6</ymin>
			<xmax>672</xmax>
			<ymax>1218</ymax>
		</bndbox>
	</object>
</annotation>