<annotation>
	<folder>pringle</folder>
	<filename>208.jpg</filename>
	<path>/Users/thewitking/Documents/dataset/pringle/208.jpg</path>
	<source>
		<database>Unknown</database>
	</source>
	<size>
		<width>682</width>
		<height>1023</height>
		<depth>3</depth>
	</size>
	<segmented>2</segmented>
	<object>
		<name>pringle</name>
		<pose>Unspecified</pose>
		<truncated>0</truncated>
		<difficult>0</difficult>
		<bndbox>
			<xmin>161</xmin>
			<ymin>84</ymin>
			<xmax>531</xmax>
			<ymax>1010</ymax>
		</bndbox>
	</object>
</annotation>