<annotation>
	<folder>reese</folder>
	<filename>107.jpg</filename>
	<path>/Users/thewitking/Documents/dataset/reese/107.jpg</path>
	<source>
		<database>Unknown</database>
	</source>
	<size>
		<width>560</width>
		<height>375</height>
		<depth>3</depth>
	</size>
	<segmented>1</segmented>
	<object>
		<name>reese</name>
		<pose>Unspecified</pose>
		<truncated>0</truncated>
		<difficult>0</difficult>
		<bndbox>
			<xmin>79</xmin>
			<ymin>8</ymin>
			<xmax>472</xmax>
			<ymax>166</ymax>
		</bndbox>
	</object>
</annotation>