<annotation>
	<folder>reese</folder>
	<filename>108.jpg</filename>
	<path>/Users/thewitking/Documents/dataset/reese/108.jpg</path>
	<source>
		<database>Unknown</database>
	</source>
	<size>
		<width>340</width>
		<height>270</height>
		<depth>3</depth>
	</size>
	<segmented>1</segmented>
	<object>
		<name>reese</name>
		<pose>Unspecified</pose>
		<truncated>0</truncated>
		<difficult>0</difficult>
		<bndbox>
			<xmin>97</xmin>
			<ymin>146</ymin>
			<xmax>332</xmax>
			<ymax>246</ymax>
		</bndbox>
	</object>
</annotation>