<annotation>
	<folder>reese</folder>
	<filename>109.jpg</filename>
	<path>/Users/thewitking/Documents/dataset/reese/109.jpg</path>
	<source>
		<database>Unknown</database>
	</source>
	<size>
		<width>700</width>
		<height>933</height>
		<depth>3</depth>
	</size>
	<segmented>1</segmented>
	<object>
		<name>reese</name>
		<pose>Unspecified</pose>
		<truncated>0</truncated>
		<difficult>0</difficult>
		<bndbox>
			<xmin>20</xmin>
			<ymin>12</ymin>
			<xmax>647</xmax>
			<ymax>485</ymax>
		</bndbox>
	</object>
</annotation>