<annotation>
	<folder>reese</folder>
	<filename>112.jpg</filename>
	<path>/Users/thewitking/Documents/dataset/reese/112.jpg</path>
	<source>
		<database>Unknown</database>
	</source>
	<size>
		<width>1664</width>
		<height>2330</height>
		<depth>3</depth>
	</size>
	<segmented>1</segmented>
	<object>
		<name>reese</name>
		<pose>Unspecified</pose>
		<truncated>0</truncated>
		<difficult>0</difficult>
		<bndbox>
			<xmin>28</xmin>
			<ymin>746</ymin>
			<xmax>1659</xmax>
			<ymax>2212</ymax>
		</bndbox>
	</object>
</annotation>