<annotation>
	<folder>reese</folder>
	<filename>114.jpg</filename>
	<path>/Users/thewitking/Documents/dataset/reese/114.jpg</path>
	<source>
		<database>Unknown</database>
	</source>
	<size>
		<width>700</width>
		<height>700</height>
		<depth>3</depth>
	</size>
	<segmented>1</segmented>
	<object>
		<name>reese</name>
		<pose>Unspecified</pose>
		<truncated>0</truncated>
		<difficult>0</difficult>
		<bndbox>
			<xmin>2</xmin>
			<ymin>199</ymin>
			<xmax>694</xmax>
			<ymax>503</ymax>
		</bndbox>
	</object>
</annotation>