<annotation>
	<folder>reese</folder>
	<filename>116.jpg</filename>
	<path>/Users/thewitking/Documents/dataset/reese/116.jpg</path>
	<source>
		<database>Unknown</database>
	</source>
	<size>
		<width>1578</width>
		<height>663</height>
		<depth>3</depth>
	</size>
	<segmented>1</segmented>
	<object>
		<name>reese</name>
		<pose>Unspecified</pose>
		<truncated>0</truncated>
		<difficult>0</difficult>
		<bndbox>
			<xmin>33</xmin>
			<ymin>57</ymin>
			<xmax>1505</xmax>
			<ymax>640</ymax>
		</bndbox>
	</object>
</annotation>