<annotation>
	<folder>reese</folder>
	<filename>117.jpg</filename>
	<path>/Users/thewitking/Documents/dataset/reese/117.jpg</path>
	<source>
		<database>Unknown</database>
	</source>
	<size>
		<width>1500</width>
		<height>674</height>
		<depth>3</depth>
	</size>
	<segmented>1</segmented>
	<object>
		<name>reese</name>
		<pose>Unspecified</pose>
		<truncated>0</truncated>
		<difficult>0</difficult>
		<bndbox>
			<xmin>21</xmin>
			<ymin>6</ymin>
			<xmax>1452</xmax>
			<ymax>653</ymax>
		</bndbox>
	</object>
</annotation>