<annotation>
	<folder>reese</folder>
	<filename>118.jpg</filename>
	<path>/Users/thewitking/Documents/dataset/reese/118.jpg</path>
	<source>
		<database>Unknown</database>
	</source>
	<size>
		<width>480</width>
		<height>360</height>
		<depth>3</depth>
	</size>
	<segmented>1</segmented>
	<object>
		<name>reese</name>
		<pose>Unspecified</pose>
		<truncated>0</truncated>
		<difficult>0</difficult>
		<bndbox>
			<xmin>19</xmin>
			<ymin>40</ymin>
			<xmax>463</xmax>
			<ymax>336</ymax>
		</bndbox>
	</object>
</annotation>