<annotation>
	<folder>reese</folder>
	<filename>120.jpeg</filename>
	<path>/Users/thewitking/Documents/dataset/reese/120.jpeg</path>
	<source>
		<database>Unknown</database>
	</source>
	<size>
		<width>600</width>
		<height>315</height>
		<depth>3</depth>
	</size>
	<segmented>1</segmented>
	<object>
		<name>reese</name>
		<pose>Unspecified</pose>
		<truncated>0</truncated>
		<difficult>0</difficult>
		<bndbox>
			<xmin>11</xmin>
			<ymin>9</ymin>
			<xmax>598</xmax>
			<ymax>302</ymax>
		</bndbox>
	</object>
</annotation>