<annotation>
	<folder>reese</folder>
	<filename>121.jpg</filename>
	<path>/Users/thewitking/Documents/dataset/reese/121.jpg</path>
	<source>
		<database>Unknown</database>
	</source>
	<size>
		<width>800</width>
		<height>705</height>
		<depth>3</depth>
	</size>
	<segmented>1</segmented>
	<object>
		<name>reese</name>
		<pose>Unspecified</pose>
		<truncated>0</truncated>
		<difficult>0</difficult>
		<bndbox>
			<xmin>18</xmin>
			<ymin>20</ymin>
			<xmax>786</xmax>
			<ymax>358</ymax>
		</bndbox>
	</object>
</annotation>