<annotation>
	<folder>reese</folder>
	<filename>122.jpg</filename>
	<path>/Users/thewitking/Documents/dataset/reese/122.jpg</path>
	<source>
		<database>Unknown</database>
	</source>
	<size>
		<width>640</width>
		<height>640</height>
		<depth>3</depth>
	</size>
	<segmented>1</segmented>
	<object>
		<name>reese</name>
		<pose>Unspecified</pose>
		<truncated>0</truncated>
		<difficult>0</difficult>
		<bndbox>
			<xmin>7</xmin>
			<ymin>337</ymin>
			<xmax>638</xmax>
			<ymax>589</ymax>
		</bndbox>
	</object>
</annotation>