<annotation>
	<folder>reese</folder>
	<filename>124.jpg</filename>
	<path>/Users/thewitking/Documents/dataset/reese/124.jpg</path>
	<source>
		<database>Unknown</database>
	</source>
	<size>
		<width>900</width>
		<height>1200</height>
		<depth>3</depth>
	</size>
	<segmented>1</segmented>
	<object>
		<name>reese</name>
		<pose>Unspecified</pose>
		<truncated>0</truncated>
		<difficult>0</difficult>
		<bndbox>
			<xmin>4</xmin>
			<ymin>190</ymin>
			<xmax>894</xmax>
			<ymax>711</ymax>
		</bndbox>
	</object>
</annotation>