<annotation>
	<folder>maggie</folder>
	<filename>501.jpg</filename>
	<path>/Users/thewitking/Documents/dataset/maggie/501.jpg</path>
	<source>
		<database>Unknown</database>
	</source>
	<size>
		<width>381</width>
		<height>500</height>
		<depth>3</depth>
	</size>
	<segmented>5</segmented>
	<object>
		<name>maggie</name>
		<pose>Unspecified</pose>
		<truncated>0</truncated>
		<difficult>0</difficult>
		<bndbox>
			<xmin>30</xmin>
			<ymin>24</ymin>
			<xmax>356</xmax>
			<ymax>482</ymax>
		</bndbox>
	</object>
</annotation>