<annotation>
	<folder>maggie</folder>
	<filename>503.jpeg</filename>
	<path>/Users/thewitking/Documents/dataset/maggie/503.jpeg</path>
	<source>
		<database>Unknown</database>
	</source>
	<size>
		<width>207</width>
		<height>243</height>
		<depth>3</depth>
	</size>
	<segmented>5</segmented>
	<object>
		<name>maggie</name>
		<pose>Unspecified</pose>
		<truncated>0</truncated>
		<difficult>0</difficult>
		<bndbox>
			<xmin>26</xmin>
			<ymin>14</ymin>
			<xmax>180</xmax>
			<ymax>237</ymax>
		</bndbox>
	</object>
</annotation>