<annotation>
	<folder>maggie</folder>
	<filename>504.jpg</filename>
	<path>/Users/thewitking/Documents/dataset/maggie/504.jpg</path>
	<source>
		<database>Unknown</database>
	</source>
	<size>
		<width>500</width>
		<height>500</height>
		<depth>3</depth>
	</size>
	<segmented>5</segmented>
	<object>
		<name>maggie</name>
		<pose>Unspecified</pose>
		<truncated>0</truncated>
		<difficult>0</difficult>
		<bndbox>
			<xmin>52</xmin>
			<ymin>50</ymin>
			<xmax>342</xmax>
			<ymax>461</ymax>
		</bndbox>
	</object>
</annotation>