<annotation>
	<folder>maggie</folder>
	<filename>505.jpeg</filename>
	<path>/Users/thewitking/Documents/dataset/maggie/505.jpeg</path>
	<source>
		<database>Unknown</database>
	</source>
	<size>
		<width>660</width>
		<height>495</height>
		<depth>3</depth>
	</size>
	<segmented>5</segmented>
	<object>
		<name>maggie</name>
		<pose>Unspecified</pose>
		<truncated>0</truncated>
		<difficult>0</difficult>
		<bndbox>
			<xmin>92</xmin>
			<ymin>148</ymin>
			<xmax>276</xmax>
			<ymax>450</ymax>
		</bndbox>
	</object>
<object><name>maggie</name><pose>Unspecified</pose><truncated>0</truncated><difficult>0</difficult><bndbox>
			<xmin>283</xmin><ymin>148</ymin><xmax>482</xmax><ymax>454</ymax></bndbox></object></annotation>