<annotation>
	<folder>maggie</folder>
	<filename>508.jpeg</filename>
	<path>/Users/thewitking/Documents/dataset/maggie/508.jpeg</path>
	<source>
		<database>Unknown</database>
	</source>
	<size>
		<width>300</width>
		<height>168</height>
		<depth>3</depth>
	</size>
	<segmented>5</segmented>
	<object>
		<name>maggie</name>
		<pose>Unspecified</pose>
		<truncated>0</truncated>
		<difficult>0</difficult>
		<bndbox>
			<xmin>3</xmin>
			<ymin>3</ymin>
			<xmax>150</xmax>
			<ymax>167</ymax>
		</bndbox>
	</object>
</annotation>