<annotation>
	<folder>maggie</folder>
	<filename>512.jpg</filename>
	<path>/Users/thewitking/Documents/dataset/maggie/512.jpg</path>
	<source>
		<database>Unknown</database>
	</source>
	<size>
		<width>1280</width>
		<height>720</height>
		<depth>3</depth>
	</size>
	<segmented>5</segmented>
	<object>
		<name>maggie</name>
		<pose>Unspecified</pose>
		<truncated>0</truncated>
		<difficult>0</difficult>
		<bndbox>
			<xmin>711</xmin>
			<ymin>1</ymin>
			<xmax>1278</xmax>
			<ymax>718</ymax>
		</bndbox>
	</object>
</annotation>