<annotation>
	<folder>maggie</folder>
	<filename>513.jpg</filename>
	<path>/Users/thewitking/Documents/dataset/maggie/513.jpg</path>
	<source>
		<database>Unknown</database>
	</source>
	<size>
		<width>500</width>
		<height>500</height>
		<depth>3</depth>
	</size>
	<segmented>5</segmented>
	<object>
		<name>maggie</name>
		<pose>Unspecified</pose>
		<truncated>0</truncated>
		<difficult>0</difficult>
		<bndbox>
			<xmin>88</xmin>
			<ymin>27</ymin>
			<xmax>414</xmax>
			<ymax>483</ymax>
		</bndbox>
	</object>
</annotation>