<annotation>
	<folder>maggie</folder>
	<filename>515.jpg</filename>
	<path>/Users/thewitking/Documents/dataset/maggie/515.jpg</path>
	<source>
		<database>Unknown</database>
	</source>
	<size>
		<width>300</width>
		<height>300</height>
		<depth>3</depth>
	</size>
	<segmented>5</segmented>
	<object>
		<name>maggie</name>
		<pose>Unspecified</pose>
		<truncated>0</truncated>
		<difficult>0</difficult>
		<bndbox>
			<xmin>37</xmin>
			<ymin>0</ymin>
			<xmax>259</xmax>
			<ymax>292</ymax>
		</bndbox>
	</object>
</annotation>