<annotation>
	<folder>maggie</folder>
	<filename>517.jpg</filename>
	<path>/Users/thewitking/Documents/dataset/maggie/517.jpg</path>
	<source>
		<database>Unknown</database>
	</source>
	<size>
		<width>480</width>
		<height>480</height>
		<depth>3</depth>
	</size>
	<segmented>5</segmented>
	<object>
		<name>maggie</name>
		<pose>Unspecified</pose>
		<truncated>0</truncated>
		<difficult>0</difficult>
		<bndbox>
			<xmin>155</xmin>
			<ymin>96</ymin>
			<xmax>365</xmax>
			<ymax>365</ymax>
		</bndbox>
	</object>
</annotation>