<annotation>
	<folder>cheetos</folder>
	<filename>007.jpg</filename>
	<path>/Users/thewitking/Documents/dataset/cheetos/007.jpg</path>
	<source>
		<database>Unknown</database>
	</source>
	<size>
		<width>239</width>
		<height>350</height>
		<depth>3</depth>
	</size>
	<segmented>0</segmented>
	<object>
		<name>cheetos</name>
		<pose>Unspecified</pose>
		<truncated>0</truncated>
		<difficult>0</difficult>
		<bndbox>
			<xmin>3</xmin>
			<ymin>1</ymin>
			<xmax>239</xmax>
			<ymax>350</ymax>
		</bndbox>
	</object>
</annotation>