<annotation>
	<folder>cheetos</folder>
	<filename>009.jpg</filename>
	<path>/Users/thewitking/Documents/dataset/cheetos/009.jpg</path>
	<source>
		<database>Unknown</database>
	</source>
	<size>
		<width>268</width>
		<height>182</height>
		<depth>3</depth>
	</size>
	<segmented>0</segmented>
	<object>
		<name>cheetos</name>
		<pose>Unspecified</pose>
		<truncated>0</truncated>
		<difficult>0</difficult>
		<bndbox>
			<xmin>39</xmin>
			<ymin>0</ymin>
			<xmax>230</xmax>
			<ymax>181</ymax>
		</bndbox>
	</object>
</annotation>