<annotation>
	<folder>cheetos</folder>
	<filename>012.jpg</filename>
	<path>/Users/thewitking/Documents/dataset/cheetos/012.jpg</path>
	<source>
		<database>Unknown</database>
	</source>
	<size>
		<width>700</width>
		<height>700</height>
		<depth>3</depth>
	</size>
	<segmented>0</segmented>
	<object>
		<name>cheetos</name>
		<pose>Unspecified</pose>
		<truncated>0</truncated>
		<difficult>0</difficult>
		<bndbox>
			<xmin>73</xmin>
			<ymin>4</ymin>
			<xmax>621</xmax>
			<ymax>694</ymax>
		</bndbox>
	</object>
</annotation>