<annotation>
	<folder>cheetos</folder>
	<filename>013.jpg</filename>
	<path>/Users/thewitking/Documents/dataset/cheetos/013.jpg</path>
	<source>
		<database>Unknown</database>
	</source>
	<size>
		<width>2937</width>
		<height>2203</height>
		<depth>3</depth>
	</size>
	<segmented>0</segmented>
	<object>
		<name>cheetos</name>
		<pose>Unspecified</pose>
		<truncated>0</truncated>
		<difficult>0</difficult>
		<bndbox>
			<xmin>1259</xmin>
			<ymin>213</ymin>
			<xmax>2918</xmax>
			<ymax>2130</ymax>
		</bndbox>
	</object>
</annotation>