<annotation>
	<folder>cheetos</folder>
	<filename>016.JPG</filename>
	<path>/Users/thewitking/Documents/dataset/cheetos/016.JPG</path>
	<source>
		<database>Unknown</database>
	</source>
	<size>
		<width>600</width>
		<height>600</height>
		<depth>3</depth>
	</size>
	<segmented>0</segmented>
	<object>
		<name>cheetos</name>
		<pose>Unspecified</pose>
		<truncated>0</truncated>
		<difficult>0</difficult>
		<bndbox>
			<xmin>118</xmin>
			<ymin>4</ymin>
			<xmax>477</xmax>
			<ymax>594</ymax>
		</bndbox>
	</object>
</annotation>