<annotation>
	<folder>reese</folder>
	<filename>101.jpg</filename>
	<path>/Users/thewitking/Documents/dataset/reese/101.jpg</path>
	<source>
		<database>Unknown</database>
	</source>
	<size>
		<width>1200</width>
		<height>403</height>
		<depth>3</depth>
	</size>
	<segmented>1</segmented>
	<object>
		<name>reese</name>
		<pose>Unspecified</pose>
		<truncated>0</truncated>
		<difficult>0</difficult>
		<bndbox>
			<xmin>230</xmin>
			<ymin>17</ymin>
			<xmax>954</xmax>
			<ymax>370</ymax>
		</bndbox>
	</object>
</annotation>
