<annotation>
	<folder>reese</folder>
	<filename>103.jpg</filename>
	<path>/Users/thewitking/Documents/dataset/reese/103.jpg</path>
	<source>
		<database>Unknown</database>
	</source>
	<size>
		<width>254</width>
		<height>198</height>
		<depth>3</depth>
	</size>
	<segmented>1</segmented>
	<object>
		<name>reese</name>
		<pose>Unspecified</pose>
		<truncated>0</truncated>
		<difficult>0</difficult>
		<bndbox>
			<xmin>9</xmin>
			<ymin>29</ymin>
			<xmax>249</xmax>
			<ymax>147</ymax>
		</bndbox>
	</object>
</annotation>
