<annotation>
	<folder>reese</folder>
	<filename>105.jpg</filename>
	<path>/Users/thewitking/Documents/dataset/reese/105.jpg</path>
	<source>
		<database>Unknown</database>
	</source>
	<size>
		<width>960</width>
		<height>570</height>
		<depth>3</depth>
	</size>
	<segmented>1</segmented>
	<object>
		<name>reese</name>
		<pose>Unspecified</pose>
		<truncated>0</truncated>
		<difficult>0</difficult>
		<bndbox>
			<xmin>153</xmin>
			<ymin>285</ymin>
			<xmax>813</xmax>
			<ymax>564</ymax>
		</bndbox>
	</object>
</annotation>
