<annotation>
	<folder>reese</folder>
	<filename>108.jpg</filename>
	<path>/Users/thewitking/Documents/dataset/reese/108.jpg</path>
	<source>
		<database>Unknown</database>
	</source>
	<size>
		<width>315</width>
		<height>679</height>
		<depth>3</depth>
	</size>
	<segmented>1</segmented>
	<object>
		<name>reese</name>
		<pose>Unspecified</pose>
		<truncated>0</truncated>
		<difficult>0</difficult>
		<bndbox>
			<xmin>14</xmin>
			<ymin>448</ymin>
			<xmax>284</xmax>
			<ymax>556</ymax>
		</bndbox>
	</object>
	<object>
		<name>reese</name>
		<pose>Unspecified</pose>
		<truncated>0</truncated>
		<difficult>0</difficult>
		<bndbox>
			<xmin>17</xmin>
			<ymin>562</ymin>
			<xmax>274</xmax>
			<ymax>660</ymax>
		</bndbox>
	</object>
</annotation>
