<annotation>
	<folder>reese</folder>
	<filename>109.jpeg</filename>
	<path>/Users/thewitking/Documents/dataset/reese/109.jpeg</path>
	<source>
		<database>Unknown</database>
	</source>
	<size>
		<width>228</width>
		<height>221</height>
		<depth>3</depth>
	</size>
	<segmented>1</segmented>
	<object>
		<name>reese</name>
		<pose>Unspecified</pose>
		<truncated>0</truncated>
		<difficult>0</difficult>
		<bndbox>
			<xmin>18</xmin>
			<ymin>121</ymin>
			<xmax>214</xmax>
			<ymax>201</ymax>
		</bndbox>
	</object>
</annotation>
