<annotation>
	<folder>reese</folder>
	<filename>110.jpg</filename>
	<path>/Users/thewitking/Documents/dataset/reese/110.jpg</path>
	<source>
		<database>Unknown</database>
	</source>
	<size>
		<width>1024</width>
		<height>768</height>
		<depth>3</depth>
	</size>
	<segmented>1</segmented>
	<object>
		<name>reese</name>
		<pose>Unspecified</pose>
		<truncated>0</truncated>
		<difficult>0</difficult>
		<bndbox>
			<xmin>144</xmin>
			<ymin>432</ymin>
			<xmax>937</xmax>
			<ymax>731</ymax>
		</bndbox>
	</object>
</annotation>
