<annotation>
	<folder>kitkat</folder>
	<filename>304.jpg</filename>
	<path>/Users/thewitking/Documents/dataset/kitkat/304.jpg</path>
	<source>
		<database>Unknown</database>
	</source>
	<size>
		<width>1862</width>
		<height>1048</height>
		<depth>3</depth>
	</size>
	<segmented>3</segmented>
	<object>
		<name>kitkat</name>
		<pose>Unspecified</pose>
		<truncated>0</truncated>
		<difficult>0</difficult>
		<bndbox>
			<xmin>222</xmin>
			<ymin>4</ymin>
			<xmax>1862</xmax>
			<ymax>886</ymax>
		</bndbox>
	</object>
</annotation>