<annotation>
	<folder>kitkat</folder>
	<filename>307.jpg</filename>
	<path>/Users/thewitking/Documents/dataset/kitkat/307.jpg</path>
	<source>
		<database>Unknown</database>
	</source>
	<size>
		<width>600</width>
		<height>600</height>
		<depth>3</depth>
	</size>
	<segmented>3</segmented>
	<object>
		<name>kitkat</name>
		<pose>Unspecified</pose>
		<truncated>0</truncated>
		<difficult>0</difficult>
		<bndbox>
			<xmin>12</xmin>
			<ymin>173</ymin>
			<xmax>588</xmax>
			<ymax>431</ymax>
		</bndbox>
	</object>
</annotation>