<annotation>
	<folder>kitkat</folder>
	<filename>310.jpg</filename>
	<path>/Users/thewitking/Documents/dataset/kitkat/310.jpg</path>
	<source>
		<database>Unknown</database>
	</source>
	<size>
		<width>1023</width>
		<height>676</height>
		<depth>3</depth>
	</size>
	<segmented>3</segmented>
	<object>
		<name>kitkat</name>
		<pose>Unspecified</pose>
		<truncated>0</truncated>
		<difficult>0</difficult>
		<bndbox>
			<xmin>22</xmin>
			<ymin>9</ymin>
			<xmax>513</xmax>
			<ymax>333</ymax>
		</bndbox>
	</object>
<object><name>kitkat</name><pose>Unspecified</pose><truncated>0</truncated><difficult>0</difficult><bndbox>
			<xmin>531</xmin><ymin>19</ymin><xmax>1004</xmax><ymax>327</ymax></bndbox></object><object><name>kitkat</name><pose>Unspecified</pose><truncated>0</truncated><difficult>0</difficult><bndbox>
			<xmin>13</xmin><ymin>345</ymin><xmax>506</xmax><ymax>665</ymax></bndbox></object><object><name>kitkat</name><pose>Unspecified</pose><truncated>0</truncated><difficult>0</difficult><bndbox>
			<xmin>519</xmin><ymin>344</ymin><xmax>1009</xmax><ymax>660</ymax></bndbox></object></annotation>