<annotation>
	<folder>kitkat</folder>
	<filename>312.jpg</filename>
	<path>/Users/thewitking/Documents/dataset/kitkat/312.jpg</path>
	<source>
		<database>Unknown</database>
	</source>
	<size>
		<width>1500</width>
		<height>942</height>
		<depth>3</depth>
	</size>
	<segmented>3</segmented>
	<object>
		<name>kitkat</name>
		<pose>Unspecified</pose>
		<truncated>0</truncated>
		<difficult>0</difficult>
		<bndbox>
			<xmin>24</xmin>
			<ymin>12</ymin>
			<xmax>1471</xmax>
			<ymax>926</ymax>
		</bndbox>
	</object>
</annotation>