<annotation>
	<folder>kitkat</folder>
	<filename>314.jpg</filename>
	<path>/Users/thewitking/Documents/dataset/kitkat/314.jpg</path>
	<source>
		<database>Unknown</database>
	</source>
	<size>
		<width>1500</width>
		<height>962</height>
		<depth>3</depth>
	</size>
	<segmented>3</segmented>
	<object>
		<name>kitkat</name>
		<pose>Unspecified</pose>
		<truncated>0</truncated>
		<difficult>0</difficult>
		<bndbox>
			<xmin>57</xmin>
			<ymin>56</ymin>
			<xmax>1466</xmax>
			<ymax>927</ymax>
		</bndbox>
	</object>
</annotation>