<annotation>
	<folder>kitkat</folder>
	<filename>315.jpeg</filename>
	<path>/Users/thewitking/Documents/dataset/kitkat/315.jpeg</path>
	<source>
		<database>Unknown</database>
	</source>
	<size>
		<width>238</width>
		<height>212</height>
		<depth>3</depth>
	</size>
	<segmented>3</segmented>
	<object>
		<name>kitkat</name>
		<pose>Unspecified</pose>
		<truncated>0</truncated>
		<difficult>0</difficult>
		<bndbox>
			<xmin>55</xmin>
			<ymin>71</ymin>
			<xmax>189</xmax>
			<ymax>144</ymax>
		</bndbox>
	</object>
</annotation>