<annotation>
	<folder>kitkat</folder>
	<filename>316.jpg</filename>
	<path>/Users/thewitking/Documents/dataset/kitkat/316.jpg</path>
	<source>
		<database>Unknown</database>
	</source>
	<size>
		<width>600</width>
		<height>550</height>
		<depth>3</depth>
	</size>
	<segmented>3</segmented>
	<object>
		<name>kitkat</name>
		<pose>Unspecified</pose>
		<truncated>0</truncated>
		<difficult>0</difficult>
		<bndbox>
			<xmin>130</xmin>
			<ymin>320</ymin>
			<xmax>469</xmax>
			<ymax>528</ymax>
		</bndbox>
	</object>
</annotation>