<annotation>
	<folder>kitkat</folder>
	<filename>318.jpeg</filename>
	<path>/Users/thewitking/Documents/dataset/kitkat/318.jpeg</path>
	<source>
		<database>Unknown</database>
	</source>
	<size>
		<width>194</width>
		<height>259</height>
		<depth>3</depth>
	</size>
	<segmented>3</segmented>
	<object>
		<name>kitkat</name>
		<pose>Unspecified</pose>
		<truncated>0</truncated>
		<difficult>0</difficult>
		<bndbox>
			<xmin>1</xmin>
			<ymin>2</ymin>
			<xmax>191</xmax>
			<ymax>86</ymax>
		</bndbox>
	</object>
<object><name>kitkat</name><pose>Unspecified</pose><truncated>0</truncated><difficult>0</difficult><bndbox>
			<xmin>6</xmin><ymin>172</ymin><xmax>188</xmax><ymax>255</ymax></bndbox></object><object><name>kitkat</name><pose>Unspecified</pose><truncated>0</truncated><difficult>0</difficult><bndbox>
			<xmin>3</xmin><ymin>93</ymin><xmax>192</xmax><ymax>165</ymax></bndbox></object></annotation>