<annotation>
	<folder>kitkat</folder>
	<filename>319.jpg</filename>
	<path>/Users/thewitking/Documents/dataset/kitkat/319.jpg</path>
	<source>
		<database>Unknown</database>
	</source>
	<size>
		<width>1024</width>
		<height>768</height>
		<depth>3</depth>
	</size>
	<segmented>3</segmented>
	<object>
		<name>kitkat</name>
		<pose>Unspecified</pose>
		<truncated>0</truncated>
		<difficult>0</difficult>
		<bndbox>
			<xmin>11</xmin>
			<ymin>45</ymin>
			<xmax>1020</xmax>
			<ymax>616</ymax>
		</bndbox>
	</object>
</annotation>