<annotation>
	<folder>kitkat</folder>
	<filename>320.jpg</filename>
	<path>/Users/thewitking/Documents/dataset/kitkat/320.jpg</path>
	<source>
		<database>Unknown</database>
	</source>
	<size>
		<width>600</width>
		<height>600</height>
		<depth>3</depth>
	</size>
	<segmented>3</segmented>
	<object>
		<name>kitkat</name>
		<pose>Unspecified</pose>
		<truncated>0</truncated>
		<difficult>0</difficult>
		<bndbox>
			<xmin>10</xmin>
			<ymin>109</ymin>
			<xmax>590</xmax>
			<ymax>495</ymax>
		</bndbox>
	</object>
</annotation>